Date,Adj Close**,SPRTRN,RF
1-Jun-18,"2,734.62",0.004469595,2.9
4-Jun-18,"2,746.87",0.000702371,2.94
5-Jun-18,"2,748.80",0.008530883,2.92
6-Jun-18,"2,772.35",-0.000714451,2.98
7-Jun-18,"2,770.37",0.003121061,2.93
8-Jun-18,"2,779.03",0.001068148,2.94
11-Jun-18,"2,782.00",0.001741832,2.96
12-Jun-18,"2,786.85",-0.004034177,2.96
13-Jun-18,"2,775.63",0.002468462,2.98
14-Jun-18,"2,782.49",-0.001017592,2.95
15-Jun-18,"2,779.66",-0.002128423,2.92
18-Jun-18,"2,773.75",-0.00403155,2.93
19-Jun-18,"2,762.59",0.001710697,2.89
20-Jun-18,"2,767.32",-0.006365708,2.93
21-Jun-18,"2,749.76",0.001860249,2.9
22-Jun-18,"2,754.88",-0.013819791,2.9
25-Jun-18,"2,717.07",0.002202154,2.88
26-Jun-18,"2,723.06",-0.008641521,2.88
27-Jun-18,"2,699.63",0.006159615,2.83
28-Jun-18,"2,716.31",0.000758094,2.85
29-Jun-18,"2,718.37",0.003063318,2.85
2-Jul-18,"2,726.71",-0.004959633,2.87
3-Jul-18,"2,713.22",0.008583807,2.84
5-Jul-18,"2,736.61",0.008445532,2.84
6-Jul-18,"2,759.82",0.008784344,2.83
9-Jul-18,"2,784.17",0.00346719,2.86
10-Jul-18,"2,793.84",-0.007119462,2.87
11-Jul-18,"2,774.02",0.008710985,2.84
12-Jul-18,"2,798.29",0.001078649,2.85
13-Jul-18,"2,801.31",-0.001028619,2.83
16-Jul-18,"2,798.43",0.003965783,2.86
17-Jul-18,"2,809.55",0.002158158,2.86
18-Jul-18,"2,815.62",-0.003960782,2.88
19-Jul-18,"2,804.49",-0.000948929,2.85
20-Jul-18,"2,801.83",0.001836397,2.9
23-Jul-18,"2,806.98",0.004769547,2.97
24-Jul-18,"2,820.40",0.009060376,2.95
25-Jul-18,"2,846.07",-0.003036858,2.94
26-Jul-18,"2,837.44",-0.00658388,2.98
27-Jul-18,"2,818.82",-0.0057708,2.96
30-Jul-18,"2,802.60",0.004872858,2.98
31-Jul-18,"2,816.29",-0.001040917,2.96
1-Aug-18,"2,813.36",0.004914398,3
2-Aug-18,"2,827.22",0.004633387,2.99
3-Aug-18,"2,840.35",0.003532051,2.95
6-Aug-18,"2,850.40",0.002820185,2.94
7-Aug-18,"2,858.45",-0.000262414,2.97
8-Aug-18,"2,857.70",-0.001442759,2.97
9-Aug-18,"2,853.58",-0.007139295,2.94
10-Aug-18,"2,833.28",-0.004014003,2.86
13-Aug-18,"2,821.93",0.00636892,2.88
14-Aug-18,"2,839.96",-0.007631264,2.9
15-Aug-18,"2,818.37",0.007888277,2.85
16-Aug-18,"2,840.69",0.003317627,2.87
17-Aug-18,"2,850.13",0.002425017,2.87
20-Aug-18,"2,857.05",0.002066431,2.82
21-Aug-18,"2,862.96",-0.000398269,2.84
22-Aug-18,"2,861.82",-0.001692663,2.82
23-Aug-18,"2,856.98",0.006179719,2.82
24-Aug-18,"2,874.69",0.007641124,2.83
27-Aug-18,"2,896.74",0.000269232,2.85
28-Aug-18,"2,897.52",0.005685236,2.88
29-Aug-18,"2,914.04",-0.004440118,2.88
30-Aug-18,"2,901.13",0.000134421,2.86
31-Aug-18,"2,901.52",-0.001655675,2.85
4-Sep-18,"2,896.72",-0.002807107,2.9
5-Sep-18,"2,888.60",-0.003658974,2.9
6-Sep-18,"2,878.05",-0.002215757,2.88
7-Sep-18,"2,871.68",0.001896045,2.94
10-Sep-18,"2,877.13",0.003732862,2.94
11-Sep-18,"2,887.89",0.000356598,2.98
12-Sep-18,"2,888.92",0.005268349,2.96
13-Sep-18,"2,904.18",0.000275427,2.96
14-Sep-18,"2,904.98",-0.005585315,2.99
17-Sep-18,"2,888.80",0.00535465,3
18-Sep-18,"2,904.31",0.001252525,3.05
19-Sep-18,"2,907.95",0.007809997,3.08
20-Sep-18,"2,930.75",-0.000368574,3.08
21-Sep-18,"2,929.67",-0.003521949,3.07
24-Sep-18,"2,919.37",-0.001305928,3.08
25-Sep-18,"2,915.56",-0.00329467,3.1
26-Sep-18,"2,905.97",0.002759466,3.06
27-Sep-18,"2,914.00",-6.86344E-06,3.06
28-Sep-18,"2,913.98",0.003634456,3.06
1-Oct-18,"2,924.59",-0.000396715,3.08
2-Oct-18,"2,923.43",0.00071124,3.06
3-Oct-18,"2,925.51",-0.008203069,3.16
4-Oct-18,"2,901.61",-0.005543301,3.2
5-Oct-18,"2,885.57",-0.000395147,3.23
8-Oct-18,"2,884.43",-0.001418964,3.23
9-Oct-18,"2,880.34",-0.033416334,3.21
10-Oct-18,"2,785.68",-0.020787647,3.23
11-Oct-18,"2,728.37",0.014106321,3.13
12-Oct-18,"2,767.13",-0.005922539,3.14
15-Oct-18,"2,750.79",0.02126787,3.16
16-Oct-18,"2,809.92",-0.000252708,3.16
17-Oct-18,"2,809.21",-0.014496515,3.18
18-Oct-18,"2,768.78",-0.000361235,3.18
19-Oct-18,"2,767.78",-0.004308744,3.2
22-Oct-18,"2,755.88",-0.005527097,3.2
23-Oct-18,"2,740.69",-0.031350832,3.17
24-Oct-18,"2,656.10",0.018453729,3.12
25-Oct-18,"2,705.57",-0.017479091,3.14
26-Oct-18,"2,658.69",-0.00658123,3.08
29-Oct-18,"2,641.25",0.015545367,3.09
30-Oct-18,"2,682.63",0.010792839,3.11
31-Oct-18,"2,711.74",0.010502453,3.16
1-Nov-18,"2,740.37",-0.0063367,3.14
2-Nov-18,"2,723.06",0.005584694,3.21
5-Nov-18,"2,738.31",0.006239827,3.2
6-Nov-18,"2,755.45",0.020987099,3.21
7-Nov-18,"2,813.89",-0.002512135,3.21
8-Nov-18,"2,806.83",-0.009241562,3.23
9-Nov-18,"2,781.01",-0.019898137,3.19
12-Nov-18,"2,726.22",-0.001483004,3.19
13-Nov-18,"2,722.18",-0.007596243,3.15
14-Nov-18,"2,701.58",0.01053808,3.12
15-Nov-18,"2,730.20",0.002220813,3.12
16-Nov-18,"2,736.27",-0.016783147,3.07
19-Nov-18,"2,690.73",-0.018317962,3.06
20-Nov-18,"2,641.89",0.003038654,3.05
21-Nov-18,"2,649.93",-0.006576468,3.06
23-Nov-18,"2,632.56",0.015413016,3.05
26-Nov-18,"2,673.45",0.003256395,3.07
27-Nov-18,"2,682.17",0.022714008,3.06
28-Nov-18,"2,743.79",-0.002185498,3.04
29-Nov-18,"2,737.80",0.008137594,3.04
30-Nov-18,"2,760.17",0.010881931,3.01
3-Dec-18,"2,790.37",-0.032900209,2.99
4-Dec-18,"2,700.06",-0.001523348,2.92
6-Dec-18,"2,695.95",-0.023596383,2.88
7-Dec-18,"2,633.08",0.001760644,2.85
10-Dec-18,"2,637.72",-0.000356432,2.86
11-Dec-18,"2,636.78",0.005404856,2.88
12-Dec-18,"2,651.07",-0.000199939,2.91
13-Dec-18,"2,650.54",-0.019271179,2.91
14-Dec-18,"2,599.95",-0.020992281,2.89
17-Dec-18,"2,545.94",8.64084E-05,2.86
18-Dec-18,"2,546.16",-0.015515478,2.83
19-Dec-18,"2,506.96",-0.015897793,2.78
20-Dec-18,"2,467.42",-0.020803201,2.79
21-Dec-18,"2,416.62",-0.027486566,2.79
24-Dec-18,"2,351.10",0.048403239,2.75
26-Dec-18,"2,467.70",0.008526178,2.8
27-Dec-18,"2,488.83",-0.001242319,2.74
28-Dec-18,"2,485.74",0.008456583,2.74
31-Dec-18,"2,506.85",0.00126772,2.69
2-Jan-19,"2,510.03",-0.025068276,2.66
3-Jan-19,"2,447.89",0.033759378,2.55
4-Jan-19,"2,531.94",0.006985976,2.66
7-Jan-19,"2,549.69",0.009648598,2.68
8-Jan-19,"2,574.41",0.004089652,2.72
9-Jan-19,"2,584.96",0.004508268,2.73
10-Jan-19,"2,596.64",-0.000146354,2.73
11-Jan-19,"2,596.26",-0.005271432,2.7
14-Jan-19,"2,582.61",0.010664642,2.71
15-Jan-19,"2,610.30",0.002219502,2.71
16-Jan-19,"2,616.10",0.007562783,2.73
17-Jan-19,"2,635.96",0.013096913,2.75
18-Jan-19,"2,670.71",-0.014258454,2.78
22-Jan-19,"2,632.90",0.002200471,2.73
23-Jan-19,"2,638.70",0.001374732,2.76
24-Jan-19,"2,642.33",0.008452894,2.71
25-Jan-19,"2,664.76",-0.007877809,2.75
28-Jan-19,"2,643.85",-0.001457271,2.74
29-Jan-19,"2,640.00",0.015429592,2.71
30-Jan-19,"2,681.05",0.008560631,2.7
31-Jan-19,"2,704.10",0.000898232,2.64
1-Feb-19,"2,706.53",0.006753349,2.69
4-Feb-19,"2,724.87",0.004697431,2.72
5-Feb-19,"2,737.70",-0.002226973,2.7
6-Feb-19,"2,731.61",-0.009401172,2.7
7-Feb-19,"2,706.05",0.000676034,2.65
8-Feb-19,"2,707.88",0.000708791,2.63
11-Feb-19,"2,709.80",0.012807878,2.66
12-Feb-19,"2,744.73",0.003019414,2.68
13-Feb-19,"2,753.03",-0.002655146,2.71
14-Feb-19,"2,745.73",0.010819962,2.66
15-Feb-19,"2,775.60",0.001497653,2.67
19-Feb-19,"2,779.76",0.001775555,2.65
20-Feb-19,"2,784.70",-0.003532645,2.65
21-Feb-19,"2,774.88",0.006390624,2.69
22-Feb-19,"2,792.67",0.001231038,2.66
25-Feb-19,"2,796.11",-0.000790696,2.67
26-Feb-19,"2,793.90",-0.00054419,2.64
27-Feb-19,"2,792.38",-0.002829546,2.69
28-Feb-19,"2,784.49",0.006871674,2.71
1-Mar-19,"2,803.69",-0.003888149,2.76
4-Mar-19,"2,792.81",-0.001132118,2.72
5-Mar-19,"2,789.65",-0.006545491,2.72
6-Mar-19,"2,771.45",-0.008158904,2.69
7-Mar-19,"2,748.93",-0.002134014,2.64
8-Mar-19,"2,743.07",0.014559543,2.63
11-Mar-19,"2,783.30",0.002948976,2.64
12-Mar-19,"2,791.52",0.006925582,2.61
13-Mar-19,"2,810.92",-0.00086842,2.61
14-Mar-19,"2,808.48",0.004972519,2.63
15-Mar-19,"2,822.48",0.003699111,2.59
18-Mar-19,"2,832.94",-0.000130615,2.6
19-Mar-19,"2,832.57",-0.002948666,2.61
20-Mar-19,"2,824.23",0.01079405,2.54
21-Mar-19,"2,854.88",-0.019156854,2.54
22-Mar-19,"2,800.71",-0.000839425,2.46
25-Mar-19,"2,798.36",0.007157105,2.42
26-Mar-19,"2,818.46",-0.004655199,2.41
27-Mar-19,"2,805.37",0.003583117,2.37
28-Mar-19,"2,815.44",0.00671172,2.39
29-Mar-19,"2,834.40",0.011502182,2.41
1-Apr-19,"2,867.19",1.74385E-05,2.5
2-Apr-19,"2,867.24",0.002146103,2.48
3-Apr-19,"2,873.40",0.002082469,2.52
4-Apr-19,"2,879.39",0.004625684,2.51
5-Apr-19,"2,892.74",0.001046902,2.5
8-Apr-19,"2,895.77",-0.006085953,2.52
9-Apr-19,"2,878.20",0.003471834,2.5
10-Apr-19,"2,888.21",3.80851E-05,2.48
11-Apr-19,"2,888.32",0.006587632,2.5
12-Apr-19,"2,907.41",-0.000629624,2.56
15-Apr-19,"2,905.58",0.000509235,2.55
16-Apr-19,"2,907.06",-0.002276364,2.59
17-Apr-19,"2,900.45",0.00157782,2.59
18-Apr-19,"2,905.03",0.001011526,2.56
22-Apr-19,"2,907.97",0.008802364,2.59
23-Apr-19,"2,933.68",-0.002194192,2.57
24-Apr-19,"2,927.25",-0.000369015,2.52
25-Apr-19,"2,926.17",0.004674363,2.53
26-Apr-19,"2,939.88",0.001070899,2.51
29-Apr-19,"2,943.03",0.000950948,2.54
30-Apr-19,"2,945.83",-0.007530413,2.51
1-May-19,"2,923.73",-0.002126258,2.51
2-May-19,"2,917.52",0.009592171,2.55
3-May-19,"2,945.64",-0.00448104,2.53
6-May-19,"2,932.47",-0.016649515,2.5
7-May-19,"2,884.05",-0.001606671,2.45
8-May-19,"2,879.42",-0.003026016,2.48
9-May-19,"2,870.72",0.003713418,2.46
10-May-19,"2,881.40",-0.024426545,2.46
13-May-19,"2,811.87",0.00798406,2.41
14-May-19,"2,834.41",0.005821977,2.42
15-May-19,"2,850.96",0.00885592,2.38
16-May-19,"2,876.32",-0.005854424,2.41
17-May-19,"2,859.53",-0.006772241,2.39
20-May-19,"2,840.23",0.008459905,2.42
21-May-19,"2,864.36",-0.002828362,2.43
22-May-19,"2,856.27",-0.011985682,2.39
23-May-19,"2,822.24",0.00135262,2.3
24-May-19,"2,826.06",-0.008410891,2.32
28-May-19,"2,802.39",-0.006935956,2.27
29-May-19,"2,783.02",0.002096241,2.24
30-May-19,"2,788.86",-0.013283188,2.23
31-May-19,"2,752.06",-0.002769032,2.14
3-Jun-19,"2,744.45",0.021205902,2.08
4-Jun-19,"2,803.27",0.008128769,2.12
5-Jun-19,"2,826.15",0.00611681,2.12
6-Jun-19,"2,843.49",0.010442945,2.12
7-Jun-19,"2,873.34",0.004649257,2.08
10-Jun-19,"2,886.73",-0.000349938,2.14
11-Jun-19,"2,885.72",-0.002039698,2.14
12-Jun-19,"2,879.84",0.004089078,2.13
13-Jun-19,"2,891.64",-0.001612842,2.09
14-Jun-19,"2,886.98",0.000931336,2.09
17-Jun-19,"2,889.67",0.009670463,2.09
18-Jun-19,"2,917.75",0.00298073,2.06
19-Jun-19,"2,926.46",0.009427615,2.03
20-Jun-19,"2,954.18",-0.001260026,2
21-Jun-19,"2,950.46",-0.001733435,2.07
24-Jun-19,"2,945.35",-0.009541702,2.02
25-Jun-19,"2,917.38",-0.001234746,1.99
26-Jun-19,"2,913.78",0.003815923,2.05
27-Jun-19,"2,924.92",0.005740912,2.01
28-Jun-19,"2,941.76",0.007642996,2
1-Jul-19,"2,964.33",0.00292387,2.03
2-Jul-19,"2,973.01",0.007643076,1.98
3-Jul-19,"2,995.82",-0.001807482,1.95
5-Jul-19,"2,990.41",-0.004847186,2.05
8-Jul-19,"2,975.95",0.001235816,2.03
9-Jul-19,"2,979.63",0.004500485,2.05
10-Jul-19,"2,993.07",0.002282672,2.06
11-Jul-19,"2,999.91",0.004609499,2.12
12-Jul-19,"3,013.77",0.000175844,2.11
15-Jul-19,"3,014.30",-0.003409581,2.09
16-Jul-19,"3,004.04",-0.006552626,2.12
17-Jul-19,"2,984.42",0.003575536,2.06
18-Jul-19,"2,995.11",-0.00619589,2.04
19-Jul-19,"2,976.61",0.002824728,2.05
22-Jul-19,"2,985.03",0.006824165,2.04
23-Jul-19,"3,005.47",0.004677164,2.07
24-Jul-19,"3,019.56",-0.005276251,2.05
25-Jul-19,"3,003.67",0.007360474,2.07
26-Jul-19,"3,025.86",-0.001617377,2.08
29-Jul-19,"3,020.97",-0.002581972,2.06
30-Jul-19,"3,013.18",-0.01094519,2.06
31-Jul-19,"2,980.38",-0.009039587,2.02
1-Aug-19,"2,953.56",-0.007309385,1.89
2-Aug-19,"2,932.05",-0.030230162,1.86
5-Aug-19,"2,844.74",0.012933014,1.74
6-Aug-19,"2,881.77",0.000766596,1.74
7-Aug-19,"2,883.98",0.018588426,1.68
8-Aug-19,"2,938.09",-0.00663853,1.72
9-Aug-19,"2,918.65",-0.012393826,1.73
12-Aug-19,"2,882.70",0.015018306,1.64
13-Aug-19,"2,926.32",-0.029730363,1.68
14-Aug-19,"2,840.60",0.002461237,1.58
15-Aug-19,"2,847.60",0.014323116,1.53
16-Aug-19,"2,888.68",0.012033185,1.54
19-Aug-19,"2,923.65",-0.007946252,1.6
20-Aug-19,"2,900.51",0.008213006,1.56
21-Aug-19,"2,924.43",-0.00050621,1.58
22-Aug-19,"2,922.95",-0.026288936,1.61
23-Aug-19,"2,847.11",0.010923191,1.53
26-Aug-19,"2,878.38",-0.003208332,1.55
27-Aug-19,"2,869.16",0.006524141,1.49
28-Aug-19,"2,887.94",0.012607435,1.47
29-Aug-19,"2,924.58",0.000642621,1.52
30-Aug-19,"2,926.46",-0.006923029,1.51
3-Sep-19,"2,906.27",0.010783722,1.47
4-Sep-19,"2,937.78",0.012925923,1.46
5-Sep-19,"2,976.00",0.000910204,1.57
6-Sep-19,"2,978.71",-9.40048E-05,1.55
9-Sep-19,"2,978.43",0.000322266,1.62
10-Sep-19,"2,979.39",0.007203659,1.7
11-Sep-19,"3,000.93",0.002874971,1.73
12-Sep-19,"3,009.57",-0.000724618,1.79
13-Sep-19,"3,007.39",-0.003140536,1.9
16-Sep-19,"2,997.96",0.002578429,1.84
17-Sep-19,"3,005.70",0.000342624,1.81
18-Sep-19,"3,006.73",1.9955E-05,1.79
19-Sep-19,"3,006.79",-0.004907609,1.77
20-Sep-19,"2,992.07",-9.69276E-05,1.76
23-Sep-19,"2,991.78",-0.008452012,1.71
24-Sep-19,"2,966.60",0.006139679,1.64
25-Sep-19,"2,984.87",-0.002431871,1.73
26-Sep-19,"2,977.62",-0.005330508,1.69
27-Sep-19,"2,961.79",0.005034927,1.68
30-Sep-19,"2,976.74",-0.01233413,1.68
1-Oct-19,"2,940.25",-0.018065441,1.64
2-Oct-19,"2,887.61",0.007940382,1.6
3-Oct-19,"2,910.63",0.014116742,1.54
4-Oct-19,"2,952.01",-0.004488362,1.52
7-Oct-19,"2,938.79",-0.015683167,1.55
8-Oct-19,"2,893.06",0.00906335,1.54
9-Oct-19,"2,919.40",0.006395209,1.59
10-Oct-19,"2,938.13",0.010879533,1.66
11-Oct-19,"2,970.27",-0.001388042,1.75
14-Oct-19,"2,966.15",0.009906435,1.73
15-Oct-19,"2,995.68",-0.002001548,1.77
16-Oct-19,"2,989.69",0.002759019,1.75
17-Oct-19,"2,997.95",-0.003927046,1.76
18-Oct-19,"2,986.20",0.006848107,1.75
21-Oct-19,"3,006.72",-0.003575056,1.79
22-Oct-19,"2,995.99",0.002843094,1.77
23-Oct-19,"3,004.52",0.001918598,1.76
24-Oct-19,"3,010.29",0.004064426,1.77
25-Oct-19,"3,022.55",0.005565862,1.8
28-Oct-19,"3,039.42",-0.000832742,1.85
29-Oct-19,"3,036.89",0.003248048,1.84
30-Oct-19,"3,046.77",-0.003027452,1.8
31-Oct-19,"3,037.56",0.009615979,1.69
1-Nov-19,"3,066.91",0.003697211,1.73
4-Nov-19,"3,078.27",-0.001186434,1.79
5-Nov-19,"3,074.62",0.000702279,1.87
6-Nov-19,"3,076.78",0.002726407,1.81
7-Nov-19,"3,085.18",0.002557356,1.93
8-Nov-19,"3,093.08",-0.001964373,1.93
11-Nov-19,"3,087.01",0.001563398,1.94
12-Nov-19,"3,091.84",0.000711297,1.91
13-Nov-19,"3,094.04",0.000836743,1.87
14-Nov-19,"3,096.63",0.007666003,1.82
15-Nov-19,"3,120.46",0.000503004,1.83
18-Nov-19,"3,122.03",-0.000592739,1.81
19-Nov-19,"3,120.18",-0.003763266,1.79
20-Nov-19,"3,108.46",-0.001584031,1.74
21-Nov-19,"3,103.54",0.002172574,1.77
22-Nov-19,"3,110.29",0.007479299,1.77
25-Nov-19,"3,133.64",0.002193123,1.76
26-Nov-19,"3,140.52",0.004165779,1.74
27-Nov-19,"3,153.63",-0.004019317,1.77
29-Nov-19,"3,140.98",-0.008668528,1.78
2-Dec-19,"3,113.87",-0.006660172,1.84
3-Dec-19,"3,093.20",0.006303639,1.71
4-Dec-19,"3,112.76",0.001499152,1.78
5-Dec-19,"3,117.43",0.009094252,1.8
6-Dec-19,"3,145.91",-0.003167849,1.84
9-Dec-19,"3,135.96",-0.001097555,1.83
10-Dec-19,"3,132.52",0.002903981,1.83
11-Dec-19,"3,141.63",0.008538608,1.79
12-Dec-19,"3,168.57",7.25853E-05,1.9
13-Dec-19,"3,168.80",0.007122392,1.82
16-Dec-19,"3,191.45",0.000335215,1.89
17-Dec-19,"3,192.52",-0.000432354,1.89
18-Dec-19,"3,191.14",0.004449309,1.92
19-Dec-19,"3,205.37",0.004932641,1.91
20-Dec-19,"3,221.22",0.000865757,1.92
23-Dec-19,"3,224.01",-0.000195428,1.94
24-Dec-19,"3,223.38",0.005115053,1.91
26-Dec-19,"3,239.91",3.3951E-05,1.91
27-Dec-19,"3,240.02",-0.005797602,1.87
30-Dec-19,"3,221.29",0.002941694,1.9
31-Dec-19,"3,230.78",0.008343874,1.92
2-Jan-20,"3,257.85",-0.00708491,1.88
3-Jan-20,"3,234.85",0.003527166,1.79
6-Jan-20,"3,246.28",-0.002807145,1.81
7-Jan-20,"3,237.18",0.004890437,1.83
8-Jan-20,"3,253.05",0.006633244,1.87
9-Jan-20,"3,274.70",-0.002859307,1.86
10-Jan-20,"3,265.35",0.00695206,1.83
13-Jan-20,"3,288.13",-0.001515687,1.85
14-Jan-20,"3,283.15",0.001868409,1.82
15-Jan-20,"3,289.29",0.008331742,1.79
16-Jan-20,"3,316.81",0.003854706,1.81
17-Jan-20,"3,329.62",-0.002655477,1.84
21-Jan-20,"3,320.79",0.000289046,1.77
22-Jan-20,"3,321.75",0.001140314,1.77
23-Jan-20,"3,325.54",-0.009083269,1.74
24-Jan-20,"3,295.47",-0.015855725,1.68
27-Jan-20,"3,243.63",0.01000335,1.61
28-Jan-20,"3,276.24",-0.000867223,1.64
29-Jan-20,"3,273.40",0.003129454,1.59
30-Jan-20,"3,283.66",-0.017864476,1.56
31-Jan-20,"3,225.52",0.007228456,1.52
3-Feb-20,"3,248.92",0.014869265,1.52
4-Feb-20,"3,297.59",0.011187823,1.6
5-Feb-20,"3,334.69",0.003320129,1.65
6-Feb-20,"3,345.78",-0.005415471,1.64
7-Feb-20,"3,327.71",0.007299652,1.58
10-Feb-20,"3,352.09",0.001687075,1.55
11-Feb-20,"3,357.75",0.006441868,1.59
12-Feb-20,"3,379.45",-0.001631773,1.63
13-Feb-20,"3,373.94",0.001841845,1.62
14-Feb-20,"3,380.16",-0.002924252,1.59
18-Feb-20,"3,370.29",0.004694789,1.56
19-Feb-20,"3,386.15",-0.00382284,1.57
20-Feb-20,"3,373.23",-0.010573815,1.53
21-Feb-20,"3,337.75",-0.034088046,1.47
24-Feb-20,"3,225.89",-0.030747925,1.38
25-Feb-20,"3,128.21",-0.003785675,1.33
26-Feb-20,"3,116.39",-0.045168174,1.31
27-Feb-20,"2,978.76",-0.00827245,1.3
28-Feb-20,"2,954.22",0.045010865,1.13
2-Mar-20,"3,090.23",-0.02851053,1.09
3-Mar-20,"3,003.37",0.041336351,1.01
4-Mar-20,"3,130.12",-0.034510726,0.99
5-Mar-20,"3,023.94",-0.017201002,0.93
6-Mar-20,"2,972.37",-0.079010395,0.71
9-Mar-20,"2,746.56",0.048215081,0.5
10-Mar-20,"2,882.23",-0.050102857,0.75
11-Mar-20,"2,741.38",-0.099944852,0.82
12-Mar-20,"2,480.64",0.088808356,0.85
13-Mar-20,"2,711.02",-0.127652141,0.95
16-Mar-20,"2,386.13",0.058226287,0.73
17-Mar-20,"2,529.19",-0.053222336,1
18-Mar-20,"2,398.10",0.004696846,1.27
19-Mar-20,"2,409.39",-0.044327635,1.12
20-Mar-20,"2,304.92",-0.029731491,0.94
23-Mar-20,"2,237.40",0.089683157,0.76
24-Mar-20,"2,447.33",0.011468999,0.82
25-Mar-20,"2,475.56",0.060543829,0.86
26-Mar-20,"2,630.07",-0.034267808,0.81
27-Mar-20,"2,541.47",0.032966616,0.75
30-Mar-20,"2,626.65",-0.016142382,0.67
31-Mar-20,"2,584.59",-0.045146329,0.7
1-Apr-20,"2,470.50",0.022572696,0.64
2-Apr-20,"2,526.90",-0.01525286,0.63
3-Apr-20,"2,488.65",0.067968231,0.59
6-Apr-20,"2,663.68",-0.001604332,0.68
7-Apr-20,"2,659.41",0.033489345,0.74
8-Apr-20,"2,749.98",0.014383439,0.76
9-Apr-20,"2,789.82",-0.010155993,0.73
13-Apr-20,"2,761.63",0.030114497,0.75
14-Apr-20,"2,846.06",-0.022276751,0.75
15-Apr-20,"2,783.36",0.005799859,0.64
16-Apr-20,"2,799.55",0.026440929,0.61
17-Apr-20,"2,874.56",-0.018042794,0.65
20-Apr-20,"2,823.16",-0.031155168,0.63
21-Apr-20,"2,736.56",0.022671301,0.57
22-Apr-20,"2,799.31",-0.000539564,0.62
23-Apr-20,"2,797.80",0.013822111,0.61
24-Apr-20,"2,836.74",0.014606872,0.6
27-Apr-20,"2,878.48",-0.005256139,0.66
28-Apr-20,"2,863.39",0.026236663,0.61
29-Apr-20,"2,939.51",-0.009255117,0.63
30-Apr-20,"2,912.43",-0.028460221,0.62
1-May-20,"2,830.71",0.004240812,0.64
4-May-20,"2,842.74",0.008999952,0.64
5-May-20,"2,868.44",-0.007003873,0.66
6-May-20,"2,848.42",0.011438949,0.71
7-May-20,"2,881.19",0.016730758,0.63
8-May-20,"2,929.80",0.000133106,0.68
11-May-20,"2,930.19",-0.020713427,0.73
12-May-20,"2,870.12",-0.017616956,0.68
13-May-20,"2,820.00",0.011458918,0.65
14-May-20,"2,852.50",0.003918692,0.62
15-May-20,"2,863.70",0.031015221,0.64
18-May-20,"2,953.91",-0.010539757,0.74
19-May-20,"2,922.94",0.016513934,0.71
20-May-20,"2,971.61",-0.007803935,0.68
21-May-20,"2,948.51",0.002350966,0.68
22-May-20,"2,955.45",0.012214262,0.66
26-May-20,"2,991.77",0.014718493,0.7
27-May-20,"3,036.13",-0.002110171,0.68
28-May-20,"3,029.73",0.004800768,0.71
29-May-20,"3,044.31",0.003744242,0.65
1-Jun-20,"3,055.73",0.008177279,0.66
2-Jun-20,"3,080.82",0.013556655,0.68
3-Jun-20,"3,122.87",-0.003374383,0.76
4-Jun-20,"3,112.35",0.025874066,0.82
5-Jun-20,"3,193.93",0.011969668,0.9
8-Jun-20,"3,232.39",-0.007829755,0.88
9-Jun-20,"3,207.18",-0.005327243,0.83
10-Jun-20,"3,190.14",-0.060752759,0.75
11-Jun-20,"3,002.10",0.0129763,0.65
12-Jun-20,"3,041.31",0.008277851,0.7
15-Jun-20,"3,066.59",0.018784885,0.7
16-Jun-20,"3,124.74",-0.003606796,0.76
17-Jun-20,"3,113.49",0.000594012,0.73
18-Jun-20,"3,115.34",-0.005665482,0.69
19-Jun-20,"3,097.74",0.006474056,0.7
22-Jun-20,"3,117.86",0.004298191,0.7
23-Jun-20,"3,131.29",-0.026195279,0.71
24-Jun-20,"3,050.33",0.01089985,0.68
25-Jun-20,"3,083.76",-0.024525217,0.67
26-Jun-20,"3,009.05",0.014578908,0.64
29-Jun-20,"3,053.24",0.015292334,0.64
30-Jun-20,"3,100.29",0.005009542,0.65
1-Jul-20,"3,115.86",0.004531002,0.68
2-Jul-20,"3,130.01",0.015756943,0.67
6-Jul-20,"3,179.72",-0.010877509,0.68
7-Jul-20,"3,145.32",0.007797026,0.65
8-Jul-20,"3,169.94",-0.005659625,0.65
9-Jul-20,"3,152.05",0.010411813,0.61
10-Jul-20,"3,185.04",-0.009406624,0.63
13-Jul-20,"3,155.22",0.013317285,0.64
14-Jul-20,"3,197.52",0.009041045,0.62
15-Jul-20,"3,226.56",-0.003411918,0.63
16-Jul-20,"3,215.57",0.00284459,0.61
17-Jul-20,"3,224.73",0.008371764,0.63
20-Jul-20,"3,251.84",0.001677641,0.62
21-Jul-20,"3,257.30",0.00573064,0.61
22-Jul-20,"3,276.02",-0.012396345,0.6
23-Jul-20,"3,235.66",-0.006209631,0.58
24-Jul-20,"3,215.63",0.00736792,0.59
27-Jul-20,"3,239.41",-0.006494444,0.61
28-Jul-20,"3,218.44",0.012351783,0.58
29-Jul-20,"3,258.44",-0.003757311,0.58
30-Jul-20,"3,246.22",0.007641191,0.54
31-Jul-20,"3,271.12",0.007155366,0.54
3-Aug-20,"3,294.61",0.003605453,0.56
4-Aug-20,"3,306.51",0.006409158,0.52
5-Aug-20,"3,327.77",0.006407158,0.54
6-Aug-20,"3,349.16",0.000632794,0.54
7-Aug-20,"3,351.28",0.002738483,0.56
10-Aug-20,"3,360.47",-0.008001047,0.57
11-Aug-20,"3,333.69",0.013899456,0.66
12-Aug-20,"3,380.35",-0.002049224,0.67
13-Aug-20,"3,373.43",-0.000171947,0.72
14-Aug-20,"3,372.85",0.002706209,0.71
17-Aug-20,"3,381.99",0.002300729,0.68
18-Aug-20,"3,389.78",-0.004414144,0.67
19-Aug-20,"3,374.85",0.003153681,0.68
20-Aug-20,"3,385.51",0.003435229,0.64
21-Aug-20,"3,397.16",0.009993581,0.64
24-Aug-20,"3,431.28",0.003589874,0.65
25-Aug-20,"3,443.62",0.010144041,0.68
26-Aug-20,"3,478.73",0.001671626,0.69
27-Aug-20,"3,484.55",0.006710014,0.75
28-Aug-20,"3,508.01",-0.002197389,0.73
31-Aug-20,"3,500.31",0.007496876,0.69
1-Sep-20,"3,526.65",0.015248998,0.67
2-Sep-20,"3,580.84",-0.035757587,0.65
3-Sep-20,"3,455.06",-0.008166252,0.62
4-Sep-20,"3,426.96",-0.028148867,0.72
8-Sep-20,"3,331.84",0.019944799,0.68
9-Sep-20,"3,398.96",-0.01774124,0.7
10-Sep-20,"3,339.19",0.000532921,0.69
11-Sep-20,"3,340.97",0.012661315,0.67
14-Sep-20,"3,383.54",0.005205812,0.67
15-Sep-20,"3,401.20",-0.004629658,0.68
16-Sep-20,"3,385.49",-0.008447955,0.69
17-Sep-20,"3,357.01",-0.011245565,0.68
18-Sep-20,"3,319.47",-0.011638591,0.69
21-Sep-20,"3,281.06",0.010463014,0.67
22-Sep-20,"3,315.57",-0.024007294,0.66
23-Sep-20,"3,236.92",0.002982954,0.68
24-Sep-20,"3,246.59",0.015850478,0.67
25-Sep-20,"3,298.46",0.015982151,0.66
28-Sep-20,"3,351.60",-0.004824245,0.66
29-Sep-20,"3,335.47",0.008219834,0.65
30-Sep-20,"3,363.00",0.005278935,0.68
1-Oct-20,"3,380.80",-0.009623775,0.68
2-Oct-20,"3,348.42",0.017813057,0.7
5-Oct-20,"3,408.60",-0.014072027,0.76
6-Oct-20,"3,360.97",0.017247172,0.74
7-Oct-20,"3,419.44",0.007978173,0.79
8-Oct-20,"3,446.83",0.008755149,0.77
9-Oct-20,"3,477.14",0.016282508,0.78
12-Oct-20,"3,534.22",-0.00632688,0.78
13-Oct-20,"3,511.93",-0.006645169,0.73
14-Oct-20,"3,488.67",-0.001528971,0.72
15-Oct-20,"3,483.34",0.000134919,0.73
16-Oct-20,"3,483.81",-0.016464624,0.74
19-Oct-20,"3,426.92",0.004716138,0.76
20-Oct-20,"3,443.12",-0.002198097,0.8
21-Oct-20,"3,435.56",0.005205374,0.82
22-Oct-20,"3,453.49",0.003439866,0.85
23-Oct-20,"3,465.39",-0.018764495,0.84
26-Oct-20,"3,400.97",-0.003030194,0.8
27-Oct-20,"3,390.68",-0.035925571,0.78
28-Oct-20,"3,271.03",0.011876501,0.78
29-Oct-20,"3,310.11",-0.012203669,0.84
30-Oct-20,"3,269.96",0.012242942,0.86
2-Nov-20,"3,310.24",0.017642761,0.85
3-Nov-20,"3,369.16",0.021807517,0.88
4-Nov-20,"3,443.44",0.019273263,0.77
5-Nov-20,"3,510.45",-0.000287754,0.78
6-Nov-20,"3,509.44",0.011631958,0.82
9-Nov-20,"3,550.50",-0.001400783,0.96
10-Nov-20,"3,545.53",0.007622761,0.97
11-Nov-20,"3,572.66",-0.010028679,0.96
12-Nov-20,"3,537.01",0.013518577,0.89
13-Nov-20,"3,585.15",0.011580732,0.89
16-Nov-20,"3,626.91",-0.004803476,0.91
17-Nov-20,"3,609.53",-0.011631213,0.87
18-Nov-20,"3,567.79",0.003938654,0.88
19-Nov-20,"3,581.87",-0.006815716,0.85
20-Nov-20,"3,557.54",0.005620095,0.83
23-Nov-20,"3,577.59",0.016032508,0.86
24-Nov-20,"3,635.41",-0.001585672,0.88
25-Nov-20,"3,629.65",0.002394057,0.88
27-Nov-20,"3,638.35",-0.004606081,0.84
30-Nov-20,"3,621.63",0.011208122,0.84
1-Dec-20,"3,662.45",0.001789549,0.93
2-Dec-20,"3,669.01",-0.000624341,0.95
3-Dec-20,"3,666.72",0.008797424,0.92
4-Dec-20,"3,699.12",-0.001937471,0.97
7-Dec-20,"3,691.96",0.002783261,0.93
8-Dec-20,"3,702.25",-0.007980984,0.91
9-Dec-20,"3,672.82",-0.001285943,0.94
10-Dec-20,"3,668.10",-0.001265761,0.91
11-Dec-20,"3,663.46",-0.004368796,0.89
14-Dec-20,"3,647.49",0.012838448,0.89
15-Dec-20,"3,694.62",0.001771278,0.92
16-Dec-20,"3,701.17",0.005741127,0.92
17-Dec-20,"3,722.48",-0.003517279,0.93
18-Dec-20,"3,709.41",-0.003913931,0.95
21-Dec-20,"3,694.92",-0.002075268,0.94
22-Dec-20,"3,687.26",0.000745533,0.92
23-Dec-20,"3,690.01",0.003530337,0.96
24-Dec-20,"3,703.06",0.008684695,0.93
28-Dec-20,"3,735.36",-0.002229847,0.93
29-Dec-20,"3,727.04",0.001340648,0.94
30-Dec-20,"3,732.04",0.006418197,0.93
31-Dec-20,"3,756.07",-0.014864718,0.92
4-Jan-21,"3,700.65",0.007057576,0.92
5-Jan-21,"3,726.86",0.005693661,0.96
6-Jan-21,"3,748.14",0.014738221,1.04
7-Jan-21,"3,803.79",0.005476866,1.07
8-Jan-21,"3,824.68",-0.006576374,1.11
11-Jan-21,"3,799.61",0.000415746,1.13
12-Jan-21,"3,801.19",0.002273018,1.14
13-Jan-21,"3,809.84",-0.0037605,1.09
14-Jan-21,"3,795.54",-0.007215991,1.13
15-Jan-21,"3,768.25",0.008103481,1.1
19-Jan-21,"3,798.91",0.013839369,1.09
20-Jan-21,"3,851.85",0.000316681,1.09
21-Jan-21,"3,853.07",-0.003015127,1.11
22-Jan-21,"3,841.47",0.003609282,1.09
25-Jan-21,"3,855.36",-0.001489946,1.04
26-Jan-21,"3,849.62",-0.02601329,1.04
27-Jan-21,"3,750.77",0.009713335,1.01
28-Jan-21,"3,787.38",-0.019500406,1.06
29-Jan-21,"3,714.24",0.015924269,1.09
1-Feb-21,"3,773.86",0.013802542,1.08
2-Feb-21,"3,826.31",0.001008296,1.11
3-Feb-21,"3,830.17",0.01079483,1.13
4-Feb-21,"3,871.74",0.003889897,1.14
5-Feb-21,"3,886.83",0.007372105,1.17
8-Feb-21,"3,915.59",-0.001114118,1.16
9-Feb-21,"3,911.23",-0.00034522,1.16
10-Feb-21,"3,909.88",0.001661075,1.13
11-Feb-21,"3,916.38",0.004699921,1.16
12-Feb-21,"3,934.83",-0.000569437,1.2
16-Feb-21,"3,932.59",-0.000320451,1.3
17-Feb-21,"3,931.33",-0.004425587,1.3
18-Feb-21,"3,913.97",-0.001856617,1.29
19-Feb-21,"3,906.71",-0.007762903,1.35
22-Feb-21,"3,876.50",0.001255499,1.37
23-Feb-21,"3,881.37",0.011287715,1.36
24-Feb-21,"3,925.43",-0.024783435,1.39
25-Feb-21,"3,829.34",-0.004761484,1.52
26-Feb-21,"3,811.15",0.02351213,1.46
1-Mar-21,"3,901.82",-0.008113671,1.45
2-Mar-21,"3,870.29",-0.013152318,1.42
3-Mar-21,"3,819.72",-0.013508038,1.47
4-Mar-21,"3,768.47",0.019308364,1.55
5-Mar-21,"3,841.94",-0.005373684,1.55
8-Mar-21,"3,821.35",0.014055441,1.6
9-Mar-21,"3,875.44",0.006012174,1.55
10-Mar-21,"3,898.81",0.010341818,1.52
11-Mar-21,"3,939.34",0.001014883,1.53
12-Mar-21,"3,943.34",0.006470977,1.64
15-Mar-21,"3,968.94",-0.001570922,1.61
16-Mar-21,"3,962.71",0.002875205,1.62
17-Mar-21,"3,974.12",-0.014870521,1.64
18-Mar-21,"3,915.46",-0.000602921,1.73
19-Mar-21,"3,913.10",0.00700056,1.73
22-Mar-21,"3,940.59",-0.007660101,1.68
23-Mar-21,"3,910.52",-0.005482304,1.64
24-Mar-21,"3,889.14",0.005226551,1.61
25-Mar-21,"3,909.52",0.016494414,1.61
26-Mar-21,"3,974.54",-0.000868402,1.66
29-Mar-21,"3,971.09",-0.00316282,1.72
30-Mar-21,"3,958.55",0.003615993,1.73
31-Mar-21,"3,972.89",0.011755774,1.75
1-Apr-21,"4,019.87",0.014335038,1.68
5-Apr-21,"4,077.91",-0.000974012,1.72
6-Apr-21,"4,073.94",0.001474143,1.66
7-Apr-21,"4,079.95",0.004211758,1.65
8-Apr-21,"4,097.17",0.007690316,1.63
9-Apr-21,"4,128.80",-0.000196202,1.67
12-Apr-21,"4,127.99",0.003289166,1.68
13-Apr-21,"4,141.59",-0.00409618,1.62
14-Apr-21,"4,124.66",0.011033158,1.64
15-Apr-21,"4,170.42",0.003602253,1.53
16-Apr-21,"4,185.47",-0.005320582,1.57
19-Apr-21,"4,163.26",-0.006825603,1.6
20-Apr-21,"4,134.94",0.009263025,1.56
21-Apr-21,"4,173.42",-0.009253352,1.56
22-Apr-21,"4,134.98",0.010869424,1.55
23-Apr-21,"4,180.17",0.001780638,1.57
26-Apr-21,"4,187.62",-0.000214942,1.57
27-Apr-21,"4,186.72",-0.000845888,1.62
28-Apr-21,"4,183.18",0.006740033,1.62
29-Apr-21,"4,211.47",-0.007220644,1.64
30-Apr-21,"4,181.17",0.002744266,1.63
3-May-21,"4,192.66",-0.006700738,1.61
4-May-21,"4,164.66",0.000703291,1.59
5-May-21,"4,167.59",0.008132234,1.58
6-May-21,"4,201.62",0.007346296,1.56
7-May-21,"4,232.60",-0.010490499,1.58
10-May-21,"4,188.43",-0.008711732,1.6
11-May-21,"4,152.10",-0.021682768,1.62
12-May-21,"4,063.04",0.012099654,1.7
13-May-21,"4,112.50",0.014807755,1.67
14-May-21,"4,173.85",-0.002533244,1.64
17-May-21,"4,163.29",-0.008553782,1.64
18-May-21,"4,127.83",-0.002947776,1.64
19-May-21,"4,115.68",0.010499444,1.68
20-May-21,"4,159.12",-0.000784127,1.63
21-May-21,"4,155.86",0.009862511,1.63
24-May-21,"4,197.05",-0.002127564,1.61
25-May-21,"4,188.13",0.001874974,1.56
26-May-21,"4,195.99",0.00116472,1.57
27-May-21,"4,200.88",0.000768591,1.61
28-May-21,"4,204.11",-0.000492497,1.58
1-Jun-21,"4,202.04",0.00144587,1.62
2-Jun-21,"4,208.12",-0.003635298,1.59
3-Jun-21,"4,192.85",0.008795294,1.63
4-Jun-21,"4,229.89",-0.000797029,1.56
7-Jun-21,"4,226.52",0.00017507,1.57
8-Jun-21,"4,227.26",-0.001825542,1.53
9-Jun-21,"4,219.55",0.004641367,1.49
10-Jun-21,"4,239.18",0.001946594,1.46
11-Jun-21,"4,247.44",0.001813566,1.46
14-Jun-21,"4,255.15",-0.002013706,1.5
15-Jun-21,"4,246.59",-0.005404787,1.5
16-Jun-21,"4,223.70",-0.000435732,1.57
17-Jun-21,"4,221.86",-0.013211435,1.51
18-Jun-21,"4,166.45",0.013905201,1.45
21-Jun-21,"4,224.79",0.005111429,1.48
22-Jun-21,"4,246.44",-0.001083847,1.47
23-Jun-21,"4,241.84",0.005794338,1.49
24-Jun-21,"4,266.49",0.003325072,1.49
25-Jun-21,"4,280.70",0.002312366,1.54
28-Jun-21,"4,290.61",0.000277311,1.48
29-Jun-21,"4,291.80",0.001327233,1.48
30-Jun-21,"4,297.50",0.005208055,1.44
1-Jul-21,"4,319.94",0.007472118,1.48
2-Jul-21,"4,352.34",-0.002023948,1.43
6-Jul-21,"4,343.54",0.003353382,1.37
7-Jul-21,"4,358.13",-0.008597867,1.32
8-Jul-21,"4,320.82",0.01121483,1.29
9-Jul-21,"4,369.55",0.003445215,1.36
12-Jul-21,"4,384.63",-0.003523029,1.36
13-Jul-21,"4,369.21",0.001164292,1.42
14-Jul-21,"4,374.30",-0.003267569,1.36
15-Jul-21,"4,360.03",-0.0075675,1.3
16-Jul-21,"4,327.16",-0.0159968,1.3
19-Jul-21,"4,258.49",0.015048847,1.18
20-Jul-21,"4,323.06",0.008208069,1.21
21-Jul-21,"4,358.69",0.00201463,1.28
22-Jul-21,"4,367.48",0.010094319,1.27
23-Jul-21,"4,411.79",0.00237942,1.29
26-Jul-21,"4,422.30",-0.004723619,1.28
27-Jul-21,"4,401.46",-0.000186319,1.23
28-Jul-21,"4,400.64",0.004197385,1.26
29-Jul-21,"4,419.15",-0.005420682,1.27
30-Jul-21,"4,395.26",-0.001844595,1.24
2-Aug-21,"4,387.16",0.008170019,1.17
3-Aug-21,"4,423.15",-0.004643208,1.18
4-Aug-21,"4,402.66",0.005987499,1.18
5-Aug-21,"4,429.10",0.001673882,1.22
6-Aug-21,"4,436.52",-0.000940368,1.29
9-Aug-21,"4,432.35",0.000992209,1.32
10-Aug-21,"4,436.75",0.001274896,1.34
11-Aug-21,"4,442.41",0.004137825,1.33
12-Aug-21,"4,460.83",0.001606034,1.37
13-Aug-21,"4,468.00",0.002617431,1.3
16-Aug-21,"4,479.71",-0.00708577,1.26
17-Aug-21,"4,448.08",-0.01080664,1.26
18-Aug-21,"4,400.27",0.001255952,1.27
19-Aug-21,"4,405.80",0.008108577,1.24
20-Aug-21,"4,441.67",0.008487698,1.26
23-Aug-21,"4,479.53",0.001494575,1.26
24-Aug-21,"4,486.23",0.002217666,1.29
25-Aug-21,"4,496.19",-0.005841963,1.34
26-Aug-21,"4,470.00",0.008769046,1.34
27-Aug-21,"4,509.37",0.004297341,1.31
30-Aug-21,"4,528.79",-0.001350057,1.29
31-Aug-21,"4,522.68",0.000311713,1.3
1-Sep-21,"4,524.09",0.002838528,1.3
2-Sep-21,"4,536.95",-0.000335083,1.29
3-Sep-21,"4,535.43",-0.003401266,1.32
7-Sep-21,"4,520.03",-0.001319445,1.37
8-Sep-21,"4,514.07",-0.004616238,1.33
9-Sep-21,"4,493.28",-0.007752618,1.3
10-Sep-21,"4,458.58",0.002273922,1.34
13-Sep-21,"4,468.73",-0.005763174,1.32
14-Sep-21,"4,443.05",0.008438207,1.28
15-Sep-21,"4,480.70",-0.001552301,1.3
16-Sep-21,"4,473.75",-0.009152683,1.33
17-Sep-21,"4,432.99",-0.01712302,1.37
20-Sep-21,"4,357.73",-0.00081268,1.31
21-Sep-21,"4,354.19",0.009474541,1.32
22-Sep-21,"4,395.64",0.012061716,1.34
23-Sep-21,"4,448.98",0.001459943,1.41
24-Sep-21,"4,455.48",-0.002780218,1.46
27-Sep-21,"4,443.11",-0.020574322,1.48
28-Sep-21,"4,352.63",0.001567936,1.53
29-Sep-21,"4,359.46",-0.011981221,1.54
30-Sep-21,"4,307.54",0.011425952,1.53
1-Oct-21,"4,357.04",-0.013070934,1.48
4-Oct-21,"4,300.46",0.010469459,1.48
5-Oct-21,"4,345.72",0.004094494,1.53
6-Oct-21,"4,363.55",0.008264048,1.52
7-Oct-21,"4,399.76",-0.001915574,1.57
8-Oct-21,"4,391.34",-0.006889464,1.61
11-Oct-21,"4,361.19",-0.002419697,1.61
12-Oct-21,"4,350.65",0.003017978,1.58
13-Oct-21,"4,363.80",0.01691917,1.55
14-Oct-21,"4,438.26",0.007432442,1.52
15-Oct-21,"4,471.37",0.003369123,1.58
18-Oct-21,"4,486.46",0.00736616,1.58
19-Oct-21,"4,519.63",0.003657321,1.64
20-Oct-21,"4,536.19",0.002991427,1.64
21-Oct-21,"4,549.78",-0.001073155,1.68
22-Oct-21,"4,544.90",0.004736942,1.66
25-Oct-21,"4,566.48",0.001818129,1.64
26-Oct-21,"4,574.79",-0.0050644,1.62
27-Oct-21,"4,551.68",0.009781344,1.53
28-Oct-21,"4,596.42",0.001947446,1.57
29-Oct-21,"4,605.38",0.00179845,1.56
1-Nov-21,"4,613.67",0.003673611,1.58
2-Nov-21,"4,630.65",0.006440511,1.55
3-Nov-21,"4,660.57",0.004173172,1.58
4-Nov-21,"4,680.06",0.003725908,1.52
5-Nov-21,"4,697.53",0.000887307,1.45
8-Nov-21,"4,701.70",-0.003504869,1.5
9-Nov-21,"4,685.25",-0.008259834,1.43
10-Nov-21,"4,646.71",0.000550776,1.56
11-Nov-21,"4,649.27",0.007196681,1.56
12-Nov-21,"4,682.85",-1.06773E-05,1.58
15-Nov-21,"4,682.80",0.003857758,1.62
16-Nov-21,"4,700.90",-0.00260502,1.63
17-Nov-21,"4,688.67",0.00337904,1.6
18-Nov-21,"4,704.54",-0.001399628,1.59
19-Nov-21,"4,697.96",-0.003202254,1.54
22-Nov-21,"4,682.94",0.001655707,1.63
23-Nov-21,"4,690.70",0.002291274,1.67
24-Nov-21,"4,701.46",-0.022987045,1.65
26-Nov-21,"4,594.62",0.013113857,1.48
29-Nov-21,"4,655.27",-0.019143377,1.53
30-Nov-21,"4,567.00",-0.01188555,1.44
1-Dec-21,"4,513.04",0.014094626,1.43
2-Dec-21,"4,577.10",-0.008484473,1.45
3-Dec-21,"4,538.43",0.011662655,1.34
6-Dec-21,"4,591.67",0.020495586,1.43
7-Dec-21,"4,686.75",0.003080544,1.48
8-Dec-21,"4,701.21",-0.007207038,1.51
9-Dec-21,"4,667.45",0.009503807,1.49
10-Dec-21,"4,712.02",-0.0091782,1.49
13-Dec-21,"4,668.97",-0.007498643,1.42
14-Dec-21,"4,634.09",0.016216213,1.44
15-Dec-21,"4,709.85",-0.008781826,1.46
16-Dec-21,"4,668.67",-0.010341011,1.42
17-Dec-21,"4,620.64",-0.011453373,1.4
20-Dec-21,"4,568.02",0.017621764,1.42
21-Dec-21,"4,649.23",0.010128711,1.49
22-Dec-21,"4,696.56",0.006204417,1.46
23-Dec-21,"4,725.79",0.013744072,1.49
27-Dec-21,"4,791.19",-0.001010698,1.48
28-Dec-21,"4,786.35",0.001400922,1.48
29-Dec-21,"4,793.06",-0.002994218,1.54
30-Dec-21,"4,778.73",-0.002629675,1.52
31-Dec-21,"4,766.18",0.006353849,1.51
3-Jan-22,"4,796.56",-0.000629816,1.63
4-Jan-22,"4,793.54",-0.019583273,1.67
5-Jan-22,"4,700.58",-0.000964176,1.71
6-Jan-22,"4,696.05",-0.004058437,1.73
7-Jan-22,"4,677.03",-0.001442125,1.77
10-Jan-22,"4,670.29",0.009118332,1.78
11-Jan-22,"4,713.07",0.002813734,1.75
12-Jan-22,"4,726.35",-0.014345962,1.73
13-Jan-22,"4,659.03",0.000819577,1.71
14-Jan-22,"4,662.85",-0.018559055,1.77
18-Jan-22,"4,577.11",-0.009736769,1.87
19-Jan-22,"4,532.76",-0.01109879,1.83
20-Jan-22,"4,482.73",-0.019095986,1.83
21-Jan-22,"4,397.94",0.002767918,1.75
24-Jan-22,"4,410.13",-0.012246662,1.74
25-Jan-22,"4,356.45",-0.001497753,1.78
26-Jan-22,"4,349.93",-0.005398541,1.85
27-Jan-22,"4,326.51",0.024055892,1.81
28-Jan-22,"4,431.85",0.018709892,1.78
31-Jan-22,"4,515.55",0.006839509,1.78
1-Feb-22,"4,546.54",0.009378435,1.8
2-Feb-22,"4,589.38",-0.024693484,1.77
3-Feb-22,"4,477.44",0.005143713,1.83
4-Feb-22,"4,500.53",-0.003708655,1.93
7-Feb-22,"4,483.87",0.008366131,1.92
8-Feb-22,"4,521.54",0.014412812,1.95
9-Feb-22,"4,587.18",-0.018281804,1.93
10-Feb-22,"4,504.08",-0.019151696,2.03
11-Feb-22,"4,418.64",-0.003847942,1.96
14-Feb-22,"4,401.67",0.015643739,2
15-Feb-22,"4,471.07",0.000880833,2.05
16-Feb-22,"4,475.01",-0.021400503,2.05
17-Feb-22,"4,380.26",-0.007192042,1.97
18-Feb-22,"4,348.87",-0.010194654,1.93
22-Feb-22,"4,304.76",-0.01858379,1.95
23-Feb-22,"4,225.50",0.01484606,1.98
24-Feb-22,"4,288.70",0.022126148,1.97
25-Feb-22,"4,384.65",-0.0024456,1.99
28-Feb-22,"4,373.94",-0.015594427,1.84
1-Mar-22,"4,306.26",0.018470983,1.71
2-Mar-22,"4,386.54",-0.005268566,1.87
3-Mar-22,"4,363.49",-0.007965658,1.84
4-Mar-22,"4,328.87",-0.029962523,1.72
7-Mar-22,"4,201.09",-0.007260128,1.75
8-Mar-22,"4,170.70",0.025373672,1.87
9-Mar-22,"4,277.88",-0.004301082,1.95
10-Mar-22,"4,259.52",-0.013046288,2.01
11-Mar-22,"4,204.31",-0.007448628,2
14-Mar-22,"4,173.11",0.021182551,2.14
15-Mar-22,"4,262.45",0.022136999,2.16
16-Mar-22,"4,357.86",0.012272191,2.19
17-Mar-22,"4,411.67",0.01159477,2.19
18-Mar-22,"4,463.12",-0.000434768,2.15
21-Mar-22,"4,461.18",0.011240769,2.32
22-Mar-22,"4,511.61",-0.012348713,2.37
23-Mar-22,"4,456.24",0.01424203,2.32
24-Mar-22,"4,520.16",0.005053402,2.34
25-Mar-22,"4,543.06",0.00711956,2.49
28-Mar-22,"4,575.52",0.012182027,2.48
29-Mar-22,"4,631.60",-0.00631361,2.4
30-Mar-22,"4,602.45",-0.015776327,2.36
31-Mar-22,"4,530.41",0.003404486,2.33
1-Apr-22,"4,545.86",0.008058323,2.38
4-Apr-22,"4,582.64",-0.012631155,2.41
5-Apr-22,"4,525.12",-0.009764386,2.56
6-Apr-22,"4,481.15",0.004244352,2.61
7-Apr-22,"4,500.21",-0.002654507,2.65
8-Apr-22,"4,488.28",-0.017021334,2.71
11-Apr-22,"4,412.53",-0.003423394,2.78
12-Apr-22,"4,397.45",0.011112683,2.73
13-Apr-22,"4,446.59",-0.01221848,2.69
14-Apr-22,"4,392.59",-0.000204912,2.83
18-Apr-22,"4,391.69",0.01593004,2.86
19-Apr-22,"4,462.21",-0.000618719,2.91
20-Apr-22,"4,459.45",-0.014862847,2.84
21-Apr-22,"4,393.66",-0.028131991,2.92
22-Apr-22,"4,271.78",0.005681688,2.91
25-Apr-22,"4,296.12",-0.028550028,2.83
26-Apr-22,"4,175.20",0.002095905,2.77
27-Apr-22,"4,183.96",0.024445646,2.82
28-Apr-22,"4,287.50",-0.036959202,2.86
29-Apr-22,"4,131.93",0.00565927,2.89
2-May-22,"4,155.38",0.004825442,3
3-May-22,"4,175.48",0.029425235,2.96
4-May-22,"4,300.17",-0.036300724,2.92
5-May-22,"4,146.87",-0.005690318,3.07
6-May-22,"4,123.34",-0.032561555,3.12
9-May-22,"3,991.24",0.002454867,3.08
10-May-22,"4,001.05",-0.016600203,2.99
11-May-22,"3,935.18",-0.001296842,2.92
12-May-22,"3,930.08",0.023589315,2.82
13-May-22,"4,023.89",-0.003954238,2.94
16-May-22,"4,008.01",0.019968898,2.88
17-May-22,"4,088.85",-0.041233768,2.97
18-May-22,"3,923.68",-0.005850892,2.89
19-May-22,"3,900.79",0.000146114,2.86
20-May-22,"3,901.36",0.018385023,2.79
23-May-22,"3,973.75",-0.008153946,2.86
24-May-22,"3,941.48",0.009406386,2.76
25-May-22,"3,978.73",0.019688139,2.75
26-May-22,"4,057.84",0.024441095,2.76
27-May-22,"4,158.24",-0.006294055,2.74
31-May-22,"4,132.15",-0.007510924,2.84
1-Jun-22,"4,101.23",0.018263263,2.93
2-Jun-22,"4,176.82",-0.016482457,2.91
3-Jun-22,"4,108.54",0.003132456,2.96
6-Jun-22,"4,121.43",0.009478332,3.04
7-Jun-22,"4,160.68",-0.010852586,2.97
8-Jun-22,"4,115.77",-0.02408647,3.03
9-Jun-22,"4,017.82",-0.029542425,3.04
10-Jun-22,"3,900.86",-0.039539873,3.16
13-Jun-22,"3,749.63",-0.003780844,3.37
14-Jun-22,"3,735.48",0.014487056,3.48
15-Jun-22,"3,789.99",-0.033052215,3.4
16-Jun-22,"3,666.77",0.002198429,3.31
17-Jun-22,"3,674.84",0.024182489,3.24
21-Jun-22,"3,764.79",-0.001302381,3.31
22-Jun-22,"3,759.89",0.009487049,3.16
23-Jun-22,"3,795.73",0.030105537,3.07
24-Jun-22,"3,911.74",-0.00297753,3.13
27-Jun-22,"3,900.11",-0.020348658,3.19
28-Jun-22,"3,821.55",-0.000712007,3.21
29-Jun-22,"3,818.83",-0.008797815,3.09
30-Jun-22,"3,785.38",0.01049846,2.97
1-Jul-22,"3,825.33",0.001582924,2.89
5-Jul-22,"3,831.39",0.003566747,2.81
6-Jul-22,"3,845.08",0.014853713,2.91
7-Jul-22,"3,902.62",-0.000830556,3.01
8-Jul-22,"3,899.38",-0.01159443,3.1
11-Jul-22,"3,854.43",-0.009286899,2.99
12-Jul-22,"3,818.80",-0.004466859,2.96
13-Jul-22,"3,801.78",-0.0030031,2.9
14-Jul-22,"3,790.38",0.019019223,2.96
15-Jul-22,"3,863.16",-0.008398791,2.93
18-Jul-22,"3,830.85",0.027253558,2.96
19-Jul-22,"3,936.69",0.005878504,3.02
20-Jul-22,"3,959.90",0.009813054,3.04
21-Jul-22,"3,998.95",-0.00937627,2.91
22-Jul-22,"3,961.63",0.001314251,2.78
25-Jul-22,"3,966.84",-0.011610333,2.82
26-Jul-22,"3,921.05",0.025820035,2.79
27-Jul-22,"4,023.61",0.012060363,2.73
28-Jul-22,"4,072.43",0.01410775,2.68
29-Jul-22,"4,130.29",-0.002827039,2.64
1-Aug-22,"4,118.63",-0.006684703,2.61
2-Aug-22,"4,091.19",0.015517461,2.74
3-Aug-22,"4,155.17",-0.000777647,2.75
4-Aug-22,"4,151.94",-0.001627069,2.68
5-Aug-22,"4,145.19",-0.001238345,2.84
8-Aug-22,"4,140.06",-0.004257782,2.77
9-Aug-22,"4,122.47",0.021067155,2.8
10-Aug-22,"4,210.24",-0.000705672,2.79
11-Aug-22,"4,207.27",0.017174074,2.89
12-Aug-22,"4,280.15",0.003961629,2.85
15-Aug-22,"4,297.14",0.001873909,2.79
16-Aug-22,"4,305.20",-0.007264079,2.82
17-Aug-22,"4,274.04",0.002266944,2.89
18-Aug-22,"4,283.74",-0.012983869,2.88
19-Aug-22,"4,228.48",-0.021632428,2.99
22-Aug-22,"4,137.99",-0.002240309,3.04
23-Aug-22,"4,128.73",0.002911907,3.05
24-Aug-22,"4,140.77",0.013993219,3.11
25-Aug-22,"4,199.12",-0.034268527,3.03
26-Aug-22,"4,057.66",-0.006688724,3.04
29-Aug-22,"4,030.61",-0.011089368,3.11
30-Aug-22,"3,986.16",-0.00784776,3.11
31-Aug-22,"3,955.00",0.002991728,3.13
1-Sep-22,"3,966.85",-0.01079453,3.27
2-Sep-22,"3,924.26",-0.004103447,3.19
6-Sep-22,"3,908.19",0.018174804,3.34
7-Sep-22,"3,979.87",0.006589013,3.27
8-Sep-22,"4,006.18",0.015155972,3.29
9-Sep-22,"4,067.36",0.01052864,3.32
12-Sep-22,"4,110.41",-0.04419911,3.36
13-Sep-22,"3,932.69",0.003381272,3.42
14-Sep-22,"3,946.01",-0.011382295,3.41
15-Sep-22,"3,901.35",-0.007208045,3.46
16-Sep-22,"3,873.33",0.006833745,3.45
19-Sep-22,"3,899.89",-0.011336125,3.49
20-Sep-22,"3,855.93",-0.017264674,3.57
21-Sep-22,"3,789.93",-0.008463309,3.51
22-Sep-22,"3,757.99",-0.017382826,3.71
23-Sep-22,"3,693.23",-0.010394377,3.7
26-Sep-22,"3,655.04",-0.002122611,3.88
27-Sep-22,"3,647.29",0.019481144,3.96
28-Sep-22,"3,719.04",-0.021352776,3.71
29-Sep-22,"3,640.47",-0.015181392,3.75
30-Sep-22,"3,585.62",0.025554629,3.8
3-Oct-22,"3,678.43",0.030125341,3.65
4-Oct-22,"3,790.93",-0.002020013,3.62
5-Oct-22,"3,783.28",-0.01029792,3.76
6-Oct-22,"3,744.52",-0.028403167,3.83
7-Oct-22,"3,639.66",-0.007520668,3.88
10-Oct-22,"3,612.39",-0.006540573,3.89
11-Oct-22,"3,588.84",-0.003296183,3.94
12-Oct-22,"3,577.03",0.025634291,3.9
13-Oct-22,"3,669.91",-0.023947164,3.95
14-Oct-22,"3,583.07",0.026135557,4.01
17-Oct-22,"3,677.95",0.01136276,4.02
18-Oct-22,"3,719.98",-0.006694437,4
19-Oct-22,"3,695.16",-0.007982719,4.13
20-Oct-22,"3,665.78",0.023447768,4.23
21-Oct-22,"3,752.75",0.011811917,4.21
24-Oct-22,"3,797.34",0.016135765,4.23
25-Oct-22,"3,859.11",-0.007415138,4.11
26-Oct-22,"3,830.60",-0.006101172,4.02
27-Oct-22,"3,807.30",0.024328035,3.94
28-Oct-22,"3,901.06",-0.007482307,4.01
31-Oct-22,"3,871.98",-0.004109694,4.08
1-Nov-22,"3,856.10",-0.025319803,4.05
2-Nov-22,"3,759.69",-0.010642409,4.06
3-Nov-22,"3,719.89",0.013526781,4.12
4-Nov-22,"3,770.55",0.009568062,4.16
7-Nov-22,"3,806.80",0.005582268,4.21
8-Nov-22,"3,828.11",-0.020996775,4.13
9-Nov-22,"3,748.57",0.053952504,4.15
10-Nov-22,"3,956.37",0.009198359,3.83
11-Nov-22,"3,992.93",-0.008975958,3.81
14-Nov-22,"3,957.25",0.008675381,3.87
15-Nov-22,"3,991.73",-0.008286298,3.8
16-Nov-22,"3,958.79",-0.00309411,3.69
17-Nov-22,"3,946.56",0.004747288,3.78
18-Nov-22,"3,965.34",-0.003891213,3.82
21-Nov-22,"3,949.94",0.013488572,3.83
22-Nov-22,"4,003.58",0.005897283,3.76
23-Nov-22,"4,027.26",-0.000283111,3.71
25-Nov-22,"4,026.12",-0.015564653,3.69
28-Nov-22,"3,963.94",-0.001593119,3.7
29-Nov-22,"3,957.63",0.030478588,3.75
30-Nov-22,"4,080.11",-0.000868,3.7
1-Dec-22,"4,076.57",-0.001195346,3.53
2-Dec-22,"4,071.70",-0.018056284,3.51
5-Dec-22,"3,998.84",-0.01450385,3.6
6-Dec-22,"3,941.26",-0.001864085,3.51
7-Dec-22,"3,933.92",0.007493612,3.41
8-Dec-22,"3,963.51",-0.007376687,3.49
9-Dec-22,"3,934.38",0.014178263,3.57
12-Dec-22,"3,990.56",0.007263262,3.61
13-Dec-22,"4,019.65",-0.006071158,3.5
14-Dec-22,"3,995.32",-0.025237461,3.5
15-Dec-22,"3,895.75",-0.011200268,3.45
16-Dec-22,"3,852.36",-0.009048278,3.48
19-Dec-22,"3,817.66",0.001036747,3.58
20-Dec-22,"3,821.62",0.014758594,3.68
21-Dec-22,"3,878.44",-0.01455713,3.68
22-Dec-22,"3,822.39",0.005850906,3.67
23-Dec-22,"3,844.82",-0.004057826,3.75
27-Dec-22,"3,829.25",-0.012093463,3.86
28-Dec-22,"3,783.22",0.017310619,3.89
29-Dec-22,"3,849.28",-0.002543968,3.84
30-Dec-22,"3,839.50",-0.004008544,3.88
3-Jan-23,"3,824.14",0.007510674,3.79
4-Jan-23,"3,852.97",-0.011713902,3.71
5-Jan-23,"3,808.10",0.022583841,3.72
6-Jan-23,"3,895.08",-0.00076793,3.57
9-Jan-23,"3,892.09",0.006954021,3.52
10-Jan-23,"3,919.25",0.012767544,3.62
11-Jan-23,"3,969.61",0.003410132,3.55
12-Jan-23,"3,983.17",0.003988851,3.45
13-Jan-23,"3,999.09",-0.002032526,3.51
17-Jan-23,"3,990.97",-0.015685002,3.54
18-Jan-23,"3,928.86",-0.00766767,3.38
19-Jan-23,"3,898.85",0.018741672,3.4
20-Jan-23,"3,972.61",0.011811328,3.48
23-Jan-23,"4,019.81",-0.00071173,3.53
24-Jan-23,"4,016.95",-0.000181746,3.47
25-Jan-23,"4,016.22",0.010947718,3.46
26-Jan-23,"4,060.43",0.002491703,3.49
27-Jan-23,"4,070.56",-0.01305356,3.52
30-Jan-23,"4,017.77",0.014536285,3.55
31-Jan-23,"4,076.60",0.01039809,3.53
1-Feb-23,"4,119.21",0.014592431,3.4
2-Feb-23,"4,179.76",-0.010408644,3.4
3-Feb-23,"4,136.48",-0.006159417,3.53
6-Feb-23,"4,111.08",0.012790383,3.63
7-Feb-23,"4,164.00",-0.01114254,3.67
8-Feb-23,"4,117.86",-0.008869043,3.65
9-Feb-23,"4,081.50",0.002192865,3.68
10-Feb-23,"4,090.46",0.011383551,3.74
13-Feb-23,"4,137.29",-0.000280416,3.72
14-Feb-23,"4,136.13",0.002769286,3.76
15-Feb-23,"4,147.60",-0.013884644,3.81
16-Feb-23,"4,090.41",-0.002771285,3.84
17-Feb-23,"4,079.09",-0.020244784,3.83
21-Feb-23,"3,997.34",-0.001574786,3.96
22-Feb-23,"3,991.05",0.005315273,3.92
23-Feb-23,"4,012.32",-0.010593457,3.88
24-Feb-23,"3,970.04",0.003068305,3.95
27-Feb-23,"3,982.24",-0.003040598,3.92
28-Feb-23,"3,970.15",-0.004736462,3.92
1-Mar-23,"3,951.39",0.007553542,3.99
2-Mar-23,"3,981.35",0.0160188,4.07
3-Mar-23,"4,045.64",0.000686924,3.96
6-Mar-23,"4,048.42",-0.015445639,3.98
7-Mar-23,"3,986.37",0.001413821,3.98
8-Mar-23,"3,992.01",-0.018631873,3.98
9-Mar-23,"3,918.32",-0.014583975,3.93
10-Mar-23,"3,861.59",-0.001510882,3.7
13-Mar-23,"3,855.76",0.016342381,3.52
14-Mar-23,"3,919.29",-0.007005336,3.64
15-Mar-23,"3,891.93",0.017409551,3.49
16-Mar-23,"3,960.28",-0.011080586,3.59
17-Mar-23,"3,916.64",0.008878825,3.4
20-Mar-23,"3,951.57",0.012898636,3.48
21-Mar-23,"4,002.87",-0.016600212,3.61
22-Mar-23,"3,936.97",0.002980084,3.5
23-Mar-23,"3,948.72",0.005623958,3.41
24-Mar-23,"3,970.99",0.00164559,3.38
27-Mar-23,"3,977.53",-0.001575081,3.53
28-Mar-23,"3,971.27",0.014136861,3.56
29-Mar-23,"4,027.81",0.005698994,3.57
30-Mar-23,"4,050.83",0.014333333,3.55
31-Mar-23,"4,109.31",0.003692094,3.49
3-Apr-23,"4,124.51",-0.00581392,3.43
4-Apr-23,"4,100.60",-0.002495429,3.34
5-Apr-23,"4,090.38",0.00357274,3.29
6-Apr-23,"4,105.02",0.000995845,3.29
10-Apr-23,"4,109.11",-4.13723E-05,3.42
11-Apr-23,"4,108.94",-0.004143459,3.43
12-Apr-23,"4,091.95",0.013175447,3.42
13-Apr-23,"4,146.22",-0.002071499,3.45
14-Apr-23,"4,137.64",0.003300779,3.52
17-Apr-23,"4,151.32",0.000854784,3.59
18-Apr-23,"4,154.87",-8.4242E-05,3.57
19-Apr-23,"4,154.52",-0.00597034,3.6
20-Apr-23,"4,129.79",0.000902786,3.55
21-Apr-23,"4,133.52",0.000851212,3.57
24-Apr-23,"4,137.04",-0.015937146,3.52
25-Apr-23,"4,071.63",-0.00384861,3.4
26-Apr-23,"4,055.99",0.019377167,3.43
27-Apr-23,"4,135.35",0.00821936,3.53
28-Apr-23,"4,169.48",-0.000386214,3.45
1-May-23,"4,167.87",-0.011653898,3.57
2-May-23,"4,119.58",-0.007022889,3.44
3-May-23,"4,090.75",-0.007244906,3.4
4-May-23,"4,061.22",0.018306159,3.35
5-May-23,"4,136.25",0.000451998,3.45
8-May-23,"4,138.12",-0.004589892,3.52
9-May-23,"4,119.17",0.00447389,3.52
10-May-23,"4,137.64",-0.00169806,3.44
11-May-23,"4,130.62",-0.001584552,3.4
12-May-23,"4,124.08",0.002953869,3.46
15-May-23,"4,136.28",-0.006398136,3.51
16-May-23,"4,109.90",0.01182066,3.55
17-May-23,"4,158.77",0.009400774,3.58
18-May-23,"4,198.05",-0.001446956,3.65
19-May-23,"4,191.98",0.000155046,3.69
22-May-23,"4,192.63",-0.011285516,3.72
23-May-23,"4,145.58",-0.007345551,3.7
24-May-23,"4,115.24",0.008719565,3.72
25-May-23,"4,151.28",0.012964583,3.81
26-May-23,"4,205.45",1.66449E-05,3.81
30-May-23,"4,205.52",-0.006127372,3.7
31-May-23,"4,179.83",0.009806229,3.64
1-Jun-23,"4,221.02",#NUM!,3.61
